{
    "tests": [
    {
    "name": "LowerCase test 1",
    "setup": "javac LowerCase.java",
    "run": "java LowerCase B2C",
    "input": "",
    "output": "b2c",
    "comparison": "exact",
    "timeout": 10,
    "points": 1.5
    },
    {
      "name": "LowerCase test 2",
      "setup": "javac LowerCase.java",
      "run": "java LowerCase \"TLV to LA: 15 Hours.\"",
      "input": "",
      "output": "tlv to la: 15 hours.",
      "comparison": "exact",
      "timeout": 10,
      "points": 1.5
    },
    {
        "name": "LowerCase test 3",
        "setup": "javac LowerCase.java",
        "run": "java LowerCase HelloWorld",
        "input": "",
        "output": "helloworld",
        "comparison": "exact",
        "timeout": 10,
        "points": 1.5
    },
    {
        "name": "LowerCase test 4",
        "setup": "javac LowerCase.java",
        "run": "java LowerCase \"JavaROCKS!\"",
        "input": "",
        "output": "javarocks!",
        "comparison": "exact",
        "timeout": 10,
        "points": 1.5
    },
    {
        "name": "LowerCase test 5",
        "setup": "javac LowerCase.java",
        "run": "java LowerCase \"ThIs Is SoMeTeXt.\"",
        "input": "",
        "output": "this is sometext.",
        "comparison": "exact",
        "timeout": 10,
        "points": 1.5
    },
    {
        "name": "LowerCase test 6",
        "setup": "javac LowerCase.java",
        "run": "java LowerCase TheQuickBrownFox",
        "input": "",
        "output": "thequickbrownfox",
        "comparison": "exact",
        "timeout": 10,
        "points": 1.5
    },
    {
        "name": "LowerCase test 7",
        "setup": "javac LowerCase.java",
        "run": "java LowerCase \"JUMPsOverTheLazyDog!\"",
        "input": "",
        "output": "jumpsoverthelazydog!",
        "comparison": "exact",
        "timeout": 10,
        "points": 1.5
    },
    {
        "name": "LowerCase test 8",
        "setup": "javac LowerCase.java",
        "run": "java LowerCase XYZ@123",
        "input": "",
        "output": "xyz@123",
        "comparison": "exact",
        "timeout": 10,
        "points": 1.5
    },
    {
        "name": "LowerCase test 9",
        "setup": "javac LowerCase.java",
        "run": "java LowerCase \"mIXEdCaSE+Symbols\"",
        "input": "",
        "output": "mixedcase+symbols",
        "comparison": "exact",
        "timeout": 10,
        "points": 1.5
    },
    {
        "name": "LowerCase test 10",
        "setup": "javac LowerCase.java",
        "run": "java LowerCase \"AaBbCcDdEe\"",
        "input": "",
        "output": "aabbccddee",
        "comparison": "exact",
        "timeout": 10,
        "points": 1.5
    },
    {
        "name": "UniqueChars test 1",
        "setup": "javac UniqueChars.java",
        "run": "java UniqueChars programming",
        "input": "",
        "output": "progamin",
        "comparison": "exact",
        "timeout": 10,
        "points": 1.5
    },
    {
        "name": "UniqueChars test 2",
        "setup": "javac UniqueChars.java",
        "run": "java UniqueChars \"alphabet soup\"",
        "input": "",
        "output": "alphbet sou",
        "comparison": "exact",
        "timeout": 10,
        "points": 1.5
    },
    {
        "name": "UniqueChars test 3",
        "setup": "javac UniqueChars.java",
        "run": "java UniqueChars repetition",
        "input": "",
        "output": "reption",
        "comparison": "exact",
        "timeout": 10,
        "points": 1.5
    },
    {
        "name": "UniqueChars test 4",
        "setup": "javac UniqueChars.java",
        "run": "java UniqueChars elephant",
        "input": "",
        "output": "elphant",
        "comparison": "exact",
        "timeout": 10,
        "points": 1.5
    },
    {
        "name": "UniqueChars test 5",
        "setup": "javac UniqueChars.java",
        "run": "java UniqueChars \"umbrella academy\"",
        "input": "",
        "output": "umbrela cdy",
        "comparison": "exact",
        "timeout": 10,
        "points": 1.5
    },
    {
        "name": "UniqueChars test 6",
        "setup": "javac UniqueChars.java",
        "run": "java UniqueChars \"back to the future\"",
        "input": "",
        "output": "back to he fur",
        "comparison": "exact",
        "timeout": 10,
        "points": 1.5
    },
    {
        "name": "UniqueChars test 7",
        "setup": "javac UniqueChars.java",
        "run": "java UniqueChars impossible",
        "input": "",
        "output": "imposble",
        "comparison": "exact",
        "timeout": 10,
        "points": 1.5
    },
    {
        "name": "UniqueChars test 8",
        "setup": "javac UniqueChars.java",
        "run": "java UniqueChars \"!@#$%^&*()!@#$%^&*()\"",
        "input": "",
        "output": "!@#$%^&*()",
        "comparison": "exact",
        "timeout": 10,
        "points": 1.5
    },
    {
        "name": "UniqueChars test 9",
        "setup": "javac UniqueChars.java",
        "run": "java UniqueChars pineapple",
        "input": "",
        "output": "pineal",
        "comparison": "exact",
        "timeout": 10,
        "points": 1.5
    },
    {
        "name": "UniqueChars test 10",
        "setup": "javac UniqueChars.java",
        "run": "java UniqueChars \"a quick brown fox\"",
        "input": "",
        "output": "a quick brown fx",
        "comparison": "exact",
        "timeout": 10,
        "points": 1.5
    },
    {
    "name": "LoanCalc Test with Loan Sum 100000, Interest Rate 3%, and Periods 12",
    "setup": "javac LoanCalc.java",
    "run": "java LoanCalc 100000 3 12",
    "input": "",
    "output": "Loan sum = 100000.0, interest rate = 3.0%, periods = 12\nPeriodical payment, using brute force: 9753.60\nnumber of iterations: 1420268\nPeriodical payment, using bi-section search: 9753.60\nnumber of iterations: 27",
    "comparison": "exact",
    "timeout": 10,
    "points": 10
    },
    {
    "name": "LoanCalc Test with Loan Sum 75000, Interest Rate 4%, and Periods 24",
    "setup": "javac LoanCalc.java",
    "run": "java LoanCalc 75000 4 24",
    "input": "",
    "output": "Loan sum = 75000.0, interest rate = 4.0%, periods = 24\nPeriodical payment, using brute force: 4729.82\nnumber of iterations: 1604820\nPeriodical payment, using bi-section search: 4729.82\nnumber of iterations: 27",
    "comparison": "exact",
    "timeout": 10,
    "points": 10
    },
    {
    "name": "LoanCalc Test with Loan Sum 50000, Interest Rate 5%, and Periods 36",
    "setup": "javac LoanCalc.java",
    "run": "java LoanCalc 50000 5 36",
    "input": "",
    "output": "Loan sum = 50000.0, interest rate = 5.0%, periods = 36\nPeriodical payment, using brute force: 2877.83\nnumber of iterations: 1488943\nPeriodical payment, using bi-section search: 2877.83\nnumber of iterations: 26",
    "comparison": "exact",
    "timeout": 10,
    "points": 10
    },
    {
    "name": "LoanCalc Test with Loan Sum 120000, Interest Rate 3.5%, and Periods 60",
    "setup": "javac LoanCalc.java",
    "run": "java LoanCalc 120000 3.5 60",
    "input": "",
    "output": "Loan sum = 120000.0, interest rate = 3.5%, periods = 60\nPeriodical payment, using brute force: 4647.96\nnumber of iterations: 2647957\nPeriodical payment, using bi-section search: 4647.96\nnumber of iterations: 27",
    "comparison": "exact",
    "timeout": 10,
    "points": 10
    },
    {
    "name": "Calendar Test",
    "setup": "javac Calendar.java",
    "run": "java Calendar 2021",
    "input": "",
    "output": "3/1/2021 Sunday",
    "comparison": "included",
    "timeout": 15,
    "points": 10
    },
    {
    "name": "Calendar Test",
    "setup": "javac Calendar.java",
    "run": "java Calendar 2024",
    "input": "",
    "output": "29/2/2024",
    "comparison": "included",
    "timeout": 15,
    "points": 10
    },
    {
    "name": "Calendar Test",
    "setup": "javac Calendar.java",
    "run": "java Calendar 2020",
    "input": "",
    "output": "1/3/2020 Sunday",
    "comparison": "included",
    "timeout": 15,
    "points": 10
    }
    ]
}